Record#,PIT Tag,SRR Verbose,Event Type,Conditional Comments,Length,Weight,Text Comments,Event Date (PST),Event Site,Brood Year,Migration Year,Release Site,Release Date (PST),Organization,Hatchery,Additional Positional,Tally Count,SRR Code
1,3DD.00774EF571,Wild Summer Chinook,Mark,,80,4.7,STARTED CLIPFILE #CAZ7220,3/1/2017 8:34,JOHTRP,2015,2017,JOHTRP,3/1/2017 8:34,NPT,,,1,12W
2,3DD.007756D140,Wild Summer Chinook,Mark,B,74,3.7,,3/1/2017 8:38,JOHTRP,2015,2017,JOHTRP,3/1/2017 8:38,NPT,,,1,12W
3,3DD.00774EBFBD,Wild Summer Chinook,Mark,,76,4.3,,3/1/2017 8:39,JOHTRP,2015,2017,JOHTRP,3/1/2017 8:39,NPT,,,1,12W
4,3DD.00774F1E1D,Wild Summer Chinook,Mark,,85,5.4,,3/1/2017 8:39,JOHTRP,2015,2017,JOHTRP,3/1/2017 8:39,NPT,,,1,12W
5,3DD.00774F8BD0,Wild Summer Chinook,Mark,,84,5.9,,3/1/2017 8:40,JOHTRP,2015,2017,JOHTRP,3/1/2017 8:40,NPT,,,1,12W
6,3DD.00774F0153,Wild Summer Chinook,Mark,,84,5.8,,3/1/2017 8:40,JOHTRP,2015,2017,JOHTRP,3/1/2017 8:40,NPT,,,1,12W
7,3DD.00774F18BC,Wild Summer Steelhead,Mark,,158,36,,3/1/2017 8:41,JOHTRP,2015,2017,JOHTRP,3/1/2017 8:41,NPT,,,1,32W
1,..........,Mountain Whitefish,Tally,,87,5,,3/3/2017 7:07,JOHTRP,2015,2017,JOHTRP,3/3/2017 7:07,NPT,,,1,G0W
2,3DD.00774F013E,Wild Summer Chinook,Mark,,84,5.4,,3/3/2017 7:08,JOHTRP,2015,2017,JOHTRP,3/3/2017 7:08,NPT,,,1,12W
3,3DD.00775713D5,Wild Summer Chinook,Mark,,80,5.2,,3/3/2017 7:09,JOHTRP,2015,2017,JOHTRP,3/3/2017 7:09,NPT,,,1,12W
4,3DD.0077572A72,Wild Summer Chinook,Mark,,77,4.4,,3/3/2017 7:09,JOHTRP,2015,2017,JOHTRP,3/3/2017 7:09,NPT,,,1,12W
5,3DD.0077570AB4,Wild Summer Steelhead,Mark,,92,7.3,,3/3/2017 7:10,JOHTRP,2015,2017,JOHTRP,3/3/2017 7:10,NPT,,,1,32W
1,3DD.0077572A66,Wild Summer Chinook,Mark,,80,5.4,,3/4/2017 8:12,JOHTRP,2015,2017,JOHTRP,3/4/2017 8:12,NPT,,,1,12W
2,3DD.0077572A3F,Wild Summer Chinook,Mark,,77,4.3,,3/4/2017 8:18,JOHTRP,2015,2017,JOHTRP,3/4/2017 8:18,NPT,,,1,12W
3,3DD.00775707E1,Wild Summer Chinook,Mark,,81,5.2,,3/4/2017 8:18,JOHTRP,2015,2017,JOHTRP,3/4/2017 8:18,NPT,,,1,12W
4,3DD.00774F0991,Wild Summer Chinook,Mark,,78,4.4,,3/4/2017 8:19,JOHTRP,2015,2017,JOHTRP,3/4/2017 8:19,NPT,,,1,12W
5,3DD.007756E2B2,Wild Summer Chinook,Mark,,78,4.5,,3/4/2017 8:20,JOHTRP,2015,2017,JOHTRP,3/4/2017 8:20,NPT,,,1,12W
1,3DD.0077573E42,Wild Summer Chinook,Mark,,89,6.7,,3/5/2017 10:46,JOHTRP,2015,2017,JOHTRP,3/5/2017 10:46,NPT,,,1,12W
2,3DD.00774EE824,Wild Summer Chinook,Mark,,94,8.2,,3/5/2017 10:48,JOHTRP,2015,2017,JOHTRP,3/5/2017 10:48,NPT,,,1,12W
3,3DD.007756E2B2,Wild Summer Chinook,Recapture,RE,80,4.6,RC (CDR17063.JCT),3/5/2017 10:48,JOHTRP,2015,2017,JOHTRP,3/5/2017 10:48,NPT,,,1,12W
4,3DD.0077572F2C,Wild Summer Chinook,Mark,,85,5.7,,3/5/2017 10:49,JOHTRP,2015,2017,JOHTRP,3/5/2017 10:49,NPT,,,1,12W
5,3DD.0077571022,Wild Summer Chinook,Mark,,81,4.8,,3/5/2017 10:50,JOHTRP,2015,2017,JOHTRP,3/5/2017 10:50,NPT,,,1,12W
6,3DD.00774FAB0E,Wild Summer Chinook,Mark,,77,4.4,,3/5/2017 10:51,JOHTRP,2015,2017,JOHTRP,3/5/2017 10:51,NPT,,,1,12W
7,3DD.007757432B,Wild Summer Chinook,Mark,,68,3.2,,3/5/2017 10:52,JOHTRP,2015,2017,JOHTRP,3/5/2017 10:52,NPT,,,1,12W
8,3DD.007756CEC5,Wild Summer Steelhead,Mark,,66,3,,3/5/2017 10:52,JOHTRP,2015,2017,JOHTRP,3/5/2017 10:52,NPT,,,1,32W
9,3DD.00774E0A6F,Wild Summer Steelhead,Mark,,88,6,,3/5/2017 10:53,JOHTRP,2015,2017,JOHTRP,3/5/2017 10:53,NPT,,,1,32W
1,3DD.007756CD7D,Wild Summer Chinook,Mark,,86,5.6,,3/7/2017 7:32,JOHTRP,2015,2017,JOHTRP,3/7/2017 7:32,NPT,,,1,12W
2,3DD.00774FCF0B,Wild Summer Chinook,Mark,,87,5.9,,3/7/2017 7:33,JOHTRP,2015,2017,JOHTRP,3/7/2017 7:33,NPT,,,1,12W
3,3DD.00774F5831,Wild Summer Steelhead,Mark,,103,9.5,,3/7/2017 7:33,JOHTRP,2015,2017,JOHTRP,3/7/2017 7:33,NPT,,,1,32W
1,..........,Wild Summer Chinook,Mark,CL,82,5,,3/9/2017 10:07,SECTRP,2015,2017,SECTRP,3/9/2017 10:07,NPT,,,1,12W
2,..........,Wild Summer Chinook,Mark,CL,90,7.3,,3/9/2017 10:09,SECTRP,2015,2017,SECTRP,3/9/2017 10:09,NPT,,,1,12W
3,..........,Wild Summer Chinook,Mark,CL,86,6.5,,3/9/2017 10:09,SECTRP,2015,2017,SECTRP,3/9/2017 10:09,NPT,,,1,12W
4,..........,Wild Summer Chinook,Mark,CL,78,4,,3/9/2017 10:10,SECTRP,2015,2017,SECTRP,3/9/2017 10:10,NPT,,,1,12W
5,..........,Wild Summer Chinook,Mark,CL,89,6.9,,3/9/2017 10:10,SECTRP,2015,2017,SECTRP,3/9/2017 10:10,NPT,,,1,12W
6,..........,Wild Summer Chinook,Mark,CL,88,5.6,,3/9/2017 10:10,SECTRP,2015,2017,SECTRP,3/9/2017 10:10,NPT,,,1,12W
7,..........,Wild Summer Chinook,Mark,CL,83,5.2,,3/9/2017 10:10,SECTRP,2015,2017,SECTRP,3/9/2017 10:10,NPT,,,1,12W
1,3DD.00774F7310,Wild Summer Chinook,Mark,,96,7.9,,3/10/2017 6:11,JOHTRP,2015,2017,JOHTRP,3/10/2017 6:11,NPT,,,1,12W
2,3DD.00774F8004,Wild Summer Chinook,Mark,,95,7.4,,3/10/2017 6:14,JOHTRP,2015,2017,JOHTRP,3/10/2017 6:14,NPT,,,1,12W
1,..........,Wild Resident Cutthroat,Tally,,141,23.1,,3/10/2017 8:33,SECTRP,2015,2017,SECTRP,3/10/2017 8:33,NPT,,,1,8RW
2,3DD.00774F8E2E,Wild Summer Chinook,Mark,,91,7.1,STARTED NEW CLIPFILE #CAZ7183,3/10/2017 8:34,SECTRP,2015,2017,SECTRP,3/10/2017 8:34,NPT,,,1,12W
3,3DD.007756FD0D,Wild Summer Chinook,Mark,,91,7.3,,3/10/2017 8:35,SECTRP,2015,2017,SECTRP,3/10/2017 8:35,NPT,,,1,12W
4,3DD.00774F11DF,Wild Summer Chinook,Mark,,81,4.8,,3/10/2017 8:35,SECTRP,2015,2017,SECTRP,3/10/2017 8:35,NPT,,,1,12W
5,3DD.007756FAF3,Wild Summer Chinook,Mark,,86,5.9,,3/10/2017 8:35,SECTRP,2015,2017,SECTRP,3/10/2017 8:35,NPT,,,1,12W
6,3DD.00774E9AC3,Wild Summer Chinook,Mark,,89,6.3,,3/10/2017 8:36,SECTRP,2015,2017,SECTRP,3/10/2017 8:36,NPT,,,1,12W
7,3DD.00774E7C51,Wild Summer Chinook,Mark,,89,4.3,,3/10/2017 8:36,SECTRP,2015,2017,SECTRP,3/10/2017 8:36,NPT,,,1,12W
8,3DD.00774EB0E7,Wild Summer Chinook,Mark,,84,5.9,,3/10/2017 8:36,SECTRP,2015,2017,SECTRP,3/10/2017 8:36,NPT,,,1,12W
9,3DD.007756CA6E,Wild Summer Chinook,Mark,,88,6.5,,3/10/2017 8:36,SECTRP,2015,2017,SECTRP,3/10/2017 8:36,NPT,,,1,12W
10,3DD.00774F8229,Wild Summer Chinook,Mark,,97,8.5,,3/10/2017 8:37,SECTRP,2015,2017,SECTRP,3/10/2017 8:37,NPT,,,1,12W
11,3DD.007756E1AD,Wild Summer Chinook,Mark,,102,10.5,,3/10/2017 8:37,SECTRP,2015,2017,SECTRP,3/10/2017 8:37,NPT,,,1,12W
1,..........,Mountain Whitefish,Tally,,316,,,3/11/2017 8:05,JOHTRP,2015,2017,JOHTRP,3/11/2017 8:05,NPT,,,1,G0W
2,3DD.00775717FC,Wild Summer Chinook,Mark,,83,5.7,,3/11/2017 8:07,JOHTRP,2015,2017,JOHTRP,3/11/2017 8:07,NPT,,,1,12W
3,3DD.007756F3CF,Wild Summer Chinook,Mark,,84,5.7,,3/11/2017 8:08,JOHTRP,2015,2017,JOHTRP,3/11/2017 8:08,NPT,,,1,12W
4,3DD.00774F0EB0,Wild Summer Chinook,Mark,,94,8.2,,3/11/2017 8:08,JOHTRP,2015,2017,JOHTRP,3/11/2017 8:08,NPT,,,1,12W
5,3DD.0077570567,Wild Summer Chinook,Mark,,79,4.8,,3/11/2017 8:08,JOHTRP,2015,2017,JOHTRP,3/11/2017 8:08,NPT,,,1,12W
6,3DD.0077573620,Wild Summer Chinook,Mark,,87,6.7,,3/11/2017 8:09,JOHTRP,2015,2017,JOHTRP,3/11/2017 8:09,NPT,,,1,12W
7,3DD.007756E474,Wild Summer Chinook,Mark,,81,5.2,,3/11/2017 8:09,JOHTRP,2015,2017,JOHTRP,3/11/2017 8:09,NPT,,,1,12W
8,3DD.00774F9B73,Wild Summer Chinook,Mark,,89,6.5,,3/11/2017 8:09,JOHTRP,2015,2017,JOHTRP,3/11/2017 8:09,NPT,,,1,12W
9,3DD.007756E58A,Wild Summer Chinook,Mark,,84,5.6,,3/11/2017 8:10,JOHTRP,2015,2017,JOHTRP,3/11/2017 8:10,NPT,,,1,12W
10,3DD.007756EDDF,Wild Summer Chinook,Mark,,86,5.8,,3/11/2017 8:10,JOHTRP,2015,2017,JOHTRP,3/11/2017 8:10,NPT,,,1,12W
11,3DD.007756D313,Wild Summer Chinook,Mark,,85,5.5,,3/11/2017 8:10,JOHTRP,2015,2017,JOHTRP,3/11/2017 8:10,NPT,,,1,12W
12,3DD.00774ECC7B,Wild Summer Chinook,Mark,,72,3.4,,3/11/2017 8:10,JOHTRP,2015,2017,JOHTRP,3/11/2017 8:10,NPT,,,1,12W
13,3DD.00774FD3DB,Wild Summer Chinook,Mark,,81,4.8,,3/11/2017 8:11,JOHTRP,2015,2017,JOHTRP,3/11/2017 8:11,NPT,,,1,12W
14,3DD.007756DA33,Wild Summer Chinook,Mark,,86,6,,3/11/2017 8:11,JOHTRP,2015,2017,JOHTRP,3/11/2017 8:11,NPT,,,1,12W
15,3DD.007756CDAB,Wild Summer Chinook,Mark,,79,4.4,,3/11/2017 8:11,JOHTRP,2015,2017,JOHTRP,3/11/2017 8:11,NPT,,,1,12W
16,3DD.00774FCCCF,Wild Summer Chinook,Mark,,84,5.8,,3/11/2017 8:12,JOHTRP,2015,2017,JOHTRP,3/11/2017 8:12,NPT,,,1,12W
17,3DD.007756D1C4,Wild Summer Steelhead,Mark,,160,36.7,,3/11/2017 8:12,JOHTRP,2015,2017,JOHTRP,3/11/2017 8:12,NPT,,,1,32W
18,3DD.00774F1C36,Wild Summer Steelhead,Mark,,180,51.4,,3/11/2017 8:13,JOHTRP,2015,2017,JOHTRP,3/11/2017 8:13,NPT,,,1,32W
1,..........,Wild Summer Chinook,Recovery,M,96,,TRAP MORT,3/11/2017 7:01,SECTRP,2015,2017,SECTRP,3/11/2017 7:01,NPT,,,1,12W
1,384.1B7972C35A,Wild Summer Steelhead,Mark,,68,2.8,,3/12/2017 7:35,JOHTRP,2015,2017,JOHTRP,3/12/2017 7:35,NPT,,,1,32W
2,3DD.00774F4B72,Wild Summer Chinook,Mark,,87,6.5,,3/12/2017 7:40,JOHTRP,2015,2017,JOHTRP,3/12/2017 7:40,NPT,,,1,12W
3,3DD.0077573E46,Wild Summer Chinook,Mark,,82,5.2,,3/12/2017 7:41,JOHTRP,2015,2017,JOHTRP,3/12/2017 7:41,NPT,,,1,12W
4,3DD.00774F9AFB,Wild Summer Chinook,Mark,,79,4.8,,3/12/2017 7:41,JOHTRP,2015,2017,JOHTRP,3/12/2017 7:41,NPT,,,1,12W
5,3DD.007756F940,Wild Summer Chinook,Mark,,87,6.1,,3/12/2017 7:41,JOHTRP,2015,2017,JOHTRP,3/12/2017 7:41,NPT,,,1,12W
6,3DD.007756E13F,Wild Summer Chinook,Mark,,74,3.9,,3/12/2017 7:41,JOHTRP,2015,2017,JOHTRP,3/12/2017 7:41,NPT,,,1,12W
7,3DD.0077573B7E,Wild Summer Chinook,Mark,,83,5.4,,3/12/2017 7:42,JOHTRP,2015,2017,JOHTRP,3/12/2017 7:42,NPT,,,1,12W
8,3DD.007756D3BC,Wild Summer Chinook,Mark,,86,5.9,,3/12/2017 7:42,JOHTRP,2015,2017,JOHTRP,3/12/2017 7:42,NPT,,,1,12W
9,3DD.007756FB11,Wild Summer Chinook,Mark,,88,6.2,,3/12/2017 7:42,JOHTRP,2015,2017,JOHTRP,3/12/2017 7:42,NPT,,,1,12W
10,3DD.007756DAB2,Wild Summer Chinook,Mark,,86,6.1,,3/12/2017 7:42,JOHTRP,2015,2017,JOHTRP,3/12/2017 7:42,NPT,,,1,12W
11,3DD.0077573C5D,Wild Summer Chinook,Mark,,82,5.1,,3/12/2017 7:43,JOHTRP,2015,2017,JOHTRP,3/12/2017 7:43,NPT,,,1,12W
12,3DD.00774ECD46,Wild Summer Chinook,Mark,,85,5.6,,3/12/2017 7:43,JOHTRP,2015,2017,JOHTRP,3/12/2017 7:43,NPT,,,1,12W
1,3DD.00774EB0E7,Wild Summer Chinook,Recapture,RE,84,6.1,RC (CDR17069.SCT),3/12/2017 6:29,SECTRP,2015,2017,SECTRP,3/12/2017 6:29,NPT,,,1,12W
2,3DD.00774F810A,Wild Summer Steelhead,Mark,,165,39.8,,3/12/2017 6:30,SECTRP,2015,2017,SECTRP,3/12/2017 6:30,NPT,,,1,32W
3,3DD.007756ED03,Wild Summer Steelhead,Mark,,177,51.7,,3/12/2017 6:30,SECTRP,2015,2017,SECTRP,3/12/2017 6:30,NPT,,,1,32W
4,3DD.00775722BB,Wild Summer Chinook,Mark,,96,7.8,,3/12/2017 6:30,SECTRP,2015,2017,SECTRP,3/12/2017 6:30,NPT,,,1,12W
5,3DD.007756C8A5,Wild Summer Chinook,Mark,,89,7,,3/12/2017 6:29,SECTRP,2015,2017,SECTRP,3/12/2017 6:29,NPT,,,1,12W
6,3DD.0077574D90,Wild Summer Chinook,Mark,,91,7.5,,3/12/2017 6:29,SECTRP,2015,2017,SECTRP,3/12/2017 6:29,NPT,,,1,12W
7,3DD.00774F4C96,Wild Summer Chinook,Mark,,78,4.1,,3/12/2017 6:29,SECTRP,2015,2017,SECTRP,3/12/2017 6:29,NPT,,,1,12W
8,3DD.00774F644D,Wild Summer Chinook,Mark,,86,6.1,,3/12/2017 6:28,SECTRP,2015,2017,SECTRP,3/12/2017 6:28,NPT,,,1,12W
9,3DD.007756E2AD,Wild Summer Chinook,Mark,,77,4.5,,3/12/2017 6:28,SECTRP,2015,2017,SECTRP,3/12/2017 6:28,NPT,,,1,12W
10,3DD.0077570195,Wild Summer Chinook,Mark,,95,5.9,,3/12/2017 6:28,SECTRP,2015,2017,SECTRP,3/12/2017 6:28,NPT,,,1,12W
11,3DD.0077574794,Wild Summer Chinook,Mark,,90,7.1,,3/12/2017 6:25,SECTRP,2015,2017,SECTRP,3/12/2017 6:25,NPT,,,1,12W
1,3DD.00774EC503,Wild Summer Chinook,Mark,,71,3.3,,3/13/2017 4:15,JOHTRP,2015,2017,JOHTRP,3/13/2017 4:15,NPT,,,1,12W
2,3DD.00774F275C,Wild Summer Chinook,Mark,,76,3.5,,3/13/2017 4:19,JOHTRP,2015,2017,JOHTRP,3/13/2017 4:19,NPT,,,1,12W
3,3DD.007757050C,Wild Summer Chinook,Mark,,83,5.5,,3/13/2017 4:19,JOHTRP,2015,2017,JOHTRP,3/13/2017 4:19,NPT,,,1,12W
1,3DD.007756FB90,Wild Summer Chinook,Mark,,83,4.7,,3/14/2017 6:47,JOHTRP,2015,2017,JOHTRP,3/14/2017 6:47,NPT,,,1,12W
2,3DD.0077573C5D,Wild Summer Chinook,Recapture,RE,82,5.2,RC (CDR17071JCT),3/14/2017 6:52,JOHTRP,2015,2017,JOHTRP,3/14/2017 6:52,NPT,,,1,12W
3,3DD.007757420E,Wild Summer Chinook,Mark,,80,4.8,,3/14/2017 6:52,JOHTRP,2015,2017,JOHTRP,3/14/2017 6:52,NPT,,,1,12W
4,3DD.00774ED8C7,Wild Summer Steelhead,Mark,,74,3.6,,3/14/2017 6:52,JOHTRP,    ,2017,JOHTRP,3/14/2017 6:52,NPT,,,1,32W
5,3DD.00774F81AA,Wild Summer Steelhead,Mark,,67,2.7,,3/14/2017 6:52,JOHTRP,    ,2017,JOHTRP,3/14/2017 6:52,NPT,,,1,32W
1,3DD.00775728A7,Wild Summer Chinook,Mark,,79,5,,3/16/2017 7:46,JOHTRP,2015,2017,JOHTRP,3/16/2017 7:46,NPT,,,1,12W
2,3DD.007756DF73,Wild Summer Chinook,Mark,,82,5.7,,3/16/2017 7:52,JOHTRP,2015,2017,JOHTRP,3/16/2017 7:52,NPT,,,1,12W
3,3DD.007757503D,Wild Summer Chinook,Mark,,74,3.8,,3/16/2017 7:53,JOHTRP,2015,2017,JOHTRP,3/16/2017 7:53,NPT,,,1,12W
4,3DD.00775731B1,Wild Summer Chinook,Mark,,93,8.1,,3/16/2017 7:53,JOHTRP,2015,2017,JOHTRP,3/16/2017 7:53,NPT,,,1,12W
5,3DD.007756C04B,Wild Summer Chinook,Mark,,84,5.6,,3/16/2017 7:53,JOHTRP,2015,2017,JOHTRP,3/16/2017 7:53,NPT,,,1,12W
6,3DD.0077572A6D,Wild Summer Chinook,Mark,,94,8,,3/16/2017 7:54,JOHTRP,2015,2017,JOHTRP,3/16/2017 7:54,NPT,,,1,12W
7,3DD.00775708B8,Wild Summer Chinook,Mark,,90,6.9,,3/16/2017 7:55,JOHTRP,2015,2017,JOHTRP,3/16/2017 7:55,NPT,,,1,12W
8,3DD.00774F8C1B,Wild Summer Chinook,Mark,,88,6.7,,3/16/2017 7:55,JOHTRP,2015,2017,JOHTRP,3/16/2017 7:55,NPT,,,1,12W
9,3DD.00774F7F8D,Wild Summer Chinook,Mark,,85,6.1,,3/16/2017 7:56,JOHTRP,2015,2017,JOHTRP,3/16/2017 7:56,NPT,,,1,12W
10,3DD.007756F35D,Wild Summer Chinook,Mark,,85,6.3,,3/16/2017 7:56,JOHTRP,2015,2017,JOHTRP,3/16/2017 7:56,NPT,,,1,12W
11,3DD.00774FAE4E,Wild Summer Chinook,Mark,,87,6.1,,3/16/2017 7:57,JOHTRP,2015,2017,JOHTRP,3/16/2017 7:57,NPT,,,1,12W
12,3DD.00775730FC,Wild Summer Chinook,Mark,,83,5,,3/16/2017 7:57,JOHTRP,2015,2017,JOHTRP,3/16/2017 7:57,NPT,,,1,12W
13,3DD.007757165A,Wild Summer Chinook,Mark,,86,6.3,,3/16/2017 7:57,JOHTRP,2015,2017,JOHTRP,3/16/2017 7:57,NPT,,,1,12W
14,3DD.007756C8C8,Wild Summer Chinook,Mark,,83,5.6,,3/16/2017 7:58,JOHTRP,2015,2017,JOHTRP,3/16/2017 7:58,NPT,,,1,12W
15,3DD.00774F741D,Wild Summer Chinook,Mark,,78,4.6,,3/16/2017 7:58,JOHTRP,2015,2017,JOHTRP,3/16/2017 7:58,NPT,,,1,12W
16,3DD.007756C38D,Wild Summer Chinook,Mark,,90,7.5,,3/16/2017 7:59,JOHTRP,2015,2017,JOHTRP,3/16/2017 7:59,NPT,,,1,12W
17,3DD.00774F8A9F,Wild Summer Chinook,Mark,,84,6.2,,3/16/2017 7:59,JOHTRP,2015,2017,JOHTRP,3/16/2017 7:59,NPT,,,1,12W
18,3DD.00775731A4,Wild Summer Steelhead,Mark,,85,6.7,,3/16/2017 8:01,JOHTRP,    ,2017,JOHTRP,3/16/2017 8:01,NPT,,,1,32W
19,384.1B79755E5A,Wild Summer Steelhead,Mark,,58,1.8,,3/16/2017 8:02,JOHTRP,    ,2017,JOHTRP,3/16/2017 8:02,NPT,,,1,32W
20,384.1B7972CC7A,Wild Summer Steelhead,Mark,,58,1.9,,3/16/2017 8:03,JOHTRP,    ,2017,JOHTRP,3/16/2017 8:03,NPT,,,1,32W
1,..........,Wild Summer Chinook,Recovery,M,68,3.5,TRAP MORT,3/17/2017 7:14,JOHTRP,2015,2017,JOHTRP,3/17/2017 7:14,NPT,,,1,12W
2,3DD.007756FB95,Wild Summer Chinook,Mark,,89,6.6,,3/17/2017 7:17,JOHTRP,2015,2017,JOHTRP,3/17/2017 7:17,NPT,,,1,12W
3,3DD.00774EA71C,Wild Summer Chinook,Mark,,89,7.5,,3/17/2017 7:19,JOHTRP,2015,2017,JOHTRP,3/17/2017 7:19,NPT,,,1,12W
4,3DD.0077571DDC,Wild Summer Chinook,Mark,,90,7.3,,3/17/2017 7:20,JOHTRP,2015,2017,JOHTRP,3/17/2017 7:20,NPT,,,1,12W
5,3DD.00774F9B7C,Wild Summer Chinook,Mark,,87,6.1,,3/17/2017 7:21,JOHTRP,2015,2017,JOHTRP,3/17/2017 7:21,NPT,,,1,12W
6,3DD.00774F7307,Wild Summer Chinook,Mark,,88,7,,3/17/2017 7:21,JOHTRP,2015,2017,JOHTRP,3/17/2017 7:21,NPT,,,1,12W
7,3DD.00774F7146,Wild Summer Chinook,Mark,,77,4.6,,3/17/2017 7:21,JOHTRP,2015,2017,JOHTRP,3/17/2017 7:21,NPT,,,1,12W
8,3DD.007756F254,Wild Summer Chinook,Mark,,81,5.1,,3/17/2017 7:22,JOHTRP,2015,2017,JOHTRP,3/17/2017 7:22,NPT,,,1,12W
9,3DD.00774F1C0A,Wild Summer Chinook,Mark,,89,7.5,,3/17/2017 7:22,JOHTRP,2015,2017,JOHTRP,3/17/2017 7:22,NPT,,,1,12W
10,384.1B79755B55,Wild Summer Steelhead,Mark,,63,2.2,,3/17/2017 7:23,JOHTRP,    ,2017,JOHTRP,3/17/2017 7:23,NPT,,,1,32W
1,..........,Wild Summer Chinook,Recovery,M,90,8.1,TRAP MORT,3/18/2017 7:46,JOHTRP,2015,2017,JOHTRP,3/18/2017 7:46,NPT,,,1,12W
2,..........,Other,Recovery,M,88,8.9,TRAP MORT,3/18/2017 7:49,JOHTRP,    ,2017,JOHTRP,3/18/2017 7:49,NPT,,,1,90U
3,3DD.007757316C,Wild Summer Chinook,Mark,,80,4.6,,3/18/2017 7:50,JOHTRP,2015,2017,JOHTRP,3/18/2017 7:50,NPT,,,1,12W
4,3DD.00775730F7,Wild Summer Chinook,Mark,,79,4.6,,3/18/2017 7:51,JOHTRP,2015,2017,JOHTRP,3/18/2017 7:51,NPT,,,1,12W
5,3DD.00775716A1,Wild Summer Chinook,Mark,,75,4.3,,3/18/2017 7:52,JOHTRP,2015,2017,JOHTRP,3/18/2017 7:52,NPT,,,1,12W
6,3DD.00774E6461,Wild Summer Chinook,Mark,,86,6.8,,3/18/2017 7:52,JOHTRP,2015,2017,JOHTRP,3/18/2017 7:52,NPT,,,1,12W
7,3DD.00774FB5EA,Wild Summer Chinook,Mark,,83,5.3,,3/18/2017 7:53,JOHTRP,2015,2017,JOHTRP,3/18/2017 7:53,NPT,,,1,12W
8,3DD.00774F267F,Wild Summer Chinook,Mark,,89,7.1,,3/18/2017 7:54,JOHTRP,2015,2017,JOHTRP,3/18/2017 7:54,NPT,,,1,12W
9,3DD.007756C6E9,Wild Summer Chinook,Mark,,87,7.1,,3/18/2017 7:54,JOHTRP,2015,2017,JOHTRP,3/18/2017 7:54,NPT,,,1,12W
10,3DD.00774ED5B2,Wild Summer Chinook,Mark,,83,5.9,,3/18/2017 7:55,JOHTRP,2015,2017,JOHTRP,3/18/2017 7:55,NPT,,,1,12W
11,3DD.00774F7F99,Wild Summer Chinook,Mark,,90,6.9,,3/18/2017 7:55,JOHTRP,2015,2017,JOHTRP,3/18/2017 7:55,NPT,,,1,12W
12,3DD.0077570121,Wild Summer Chinook,Mark,,86,6.5,,3/18/2017 7:55,JOHTRP,2015,2017,JOHTRP,3/18/2017 7:55,NPT,,,1,12W
13,3DD.007757286F,Wild Summer Chinook,Mark,,80,5.1,NEW CLIPFILE # CAZ7229,3/18/2017 7:56,JOHTRP,2015,2017,JOHTRP,3/18/2017 7:56,NPT,,,1,12W
1,..........,Other,Recovery,M,91,11.8,TRAP MORT,3/19/2017 7:05,JOHTRP,    ,2017,JOHTRP,3/19/2017 7:05,NPT,,,1,90U
2,..........,Wild Summer Chinook,Recovery,M,90,7.2,TRAP MORT,3/19/2017 7:09,JOHTRP,2015,2017,JOHTRP,3/19/2017 7:09,NPT,,,1,12W
3,3DD.00774ED750,Wild Summer Chinook,Mark,,93,7.5,,3/19/2017 7:09,JOHTRP,2015,2017,JOHTRP,3/19/2017 7:09,NPT,,,1,12W
4,3DD.007756C930,Wild Summer Chinook,Mark,,93,7.9,,3/19/2017 7:11,JOHTRP,2015,2017,JOHTRP,3/19/2017 7:11,NPT,,,1,12W
5,3DD.00774EA6DD,Wild Summer Chinook,Mark,,90,7.3,,3/19/2017 7:11,JOHTRP,2015,2017,JOHTRP,3/19/2017 7:11,NPT,,,1,12W
6,3DD.0077573BEC,Wild Summer Chinook,Mark,CA,89,7.7,,3/19/2017 7:11,JOHTRP,2015,2017,JOHTRP,3/19/2017 7:11,NPT,,,1,12W
7,3DD.007756EE0C,Wild Summer Chinook,Mark,,78,4.5,,3/19/2017 7:12,JOHTRP,2015,2017,JOHTRP,3/19/2017 7:12,NPT,,,1,12W
8,3DD.00774F7F1C,Wild Summer Chinook,Mark,,94,8.8,,3/19/2017 7:12,JOHTRP,2015,2017,JOHTRP,3/19/2017 7:12,NPT,,,1,12W
9,3DD.00775746A5,Wild Summer Chinook,Mark,,78,5,,3/19/2017 7:12,JOHTRP,2015,2017,JOHTRP,3/19/2017 7:12,NPT,,,1,12W
10,3DD.007756F889,Wild Summer Chinook,Mark,,93,8,,3/19/2017 7:13,JOHTRP,2015,2017,JOHTRP,3/19/2017 7:13,NPT,,,1,12W
11,3DD.00774F6563,Wild Summer Chinook,Mark,,67,3.3,,3/19/2017 7:13,JOHTRP,2016,2017,JOHTRP,3/19/2017 7:13,NPT,,,1,12W
12,3DD.00774FC3DB,Wild Summer Chinook,Mark,,83,5.8,,3/19/2017 7:14,JOHTRP,2015,2017,JOHTRP,3/19/2017 7:14,NPT,,,1,12W
13,3DD.00774F7428,Wild Summer Chinook,Mark,,87,6.3,,3/19/2017 7:15,JOHTRP,2015,2017,JOHTRP,3/19/2017 7:15,NPT,,,1,12W
14,3DD.0077572453,Wild Summer Chinook,Mark,,87,6.6,,3/19/2017 7:15,JOHTRP,2015,2017,JOHTRP,3/19/2017 7:15,NPT,,,1,12W
15,3DD.007756D110,Wild Summer Chinook,Mark,,82,5.8,,3/19/2017 7:15,JOHTRP,2015,2017,JOHTRP,3/19/2017 7:15,NPT,,,1,12W
16,3DD.0077575318,Wild Summer Chinook,Mark,,82,5.5,,3/19/2017 7:16,JOHTRP,2015,2017,JOHTRP,3/19/2017 7:16,NPT,,,1,12W
17,3DD.007756C8AD,Wild Summer Chinook,Mark,,77,4.6,,3/19/2017 7:16,JOHTRP,2015,2017,JOHTRP,3/19/2017 7:16,NPT,,,1,12W
18,3DD.007756D475,Wild Summer Chinook,Mark,,78,4.9,,3/19/2017 7:16,JOHTRP,2015,2017,JOHTRP,3/19/2017 7:16,NPT,,,1,12W
19,3DD.007756E188,Wild Summer Chinook,Mark,,86,6.5,,3/19/2017 7:17,JOHTRP,2015,2017,JOHTRP,3/19/2017 7:17,NPT,,,1,12W
20,3DD.00774F1133,Wild Summer Chinook,Mark,,81,5.2,,3/19/2017 7:17,JOHTRP,2015,2017,JOHTRP,3/19/2017 7:17,NPT,,,1,12W
21,3DD.0077574604,Wild Summer Chinook,Mark,,83,6.1,,3/19/2017 7:17,JOHTRP,2015,2017,JOHTRP,3/19/2017 7:17,NPT,,,1,12W
22,3DD.0077571B25,Wild Summer Chinook,Mark,,85,6,,3/19/2017 7:18,JOHTRP,2015,2017,JOHTRP,3/19/2017 7:18,NPT,,,1,12W
23,3DD.00775746B8,Wild Summer Chinook,Mark,,89,6.6,,3/19/2017 7:18,JOHTRP,2015,2017,JOHTRP,3/19/2017 7:18,NPT,,,1,12W
24,3DD.00774F8CC7,Wild Summer Chinook,Mark,,75,4.4,,3/19/2017 7:18,JOHTRP,2015,2017,JOHTRP,3/19/2017 7:18,NPT,,,1,12W
25,3DD.0077572F5B,Wild Summer Chinook,Mark,,74,3.9,,3/19/2017 7:19,JOHTRP,2015,2017,JOHTRP,3/19/2017 7:19,NPT,,,1,12W
26,3DD.0077573572,Wild Summer Chinook,Mark,,69,3.5,,3/19/2017 7:19,JOHTRP,2015,2017,JOHTRP,3/19/2017 7:19,NPT,,,1,12W
27,3DD.0077573C48,Wild Summer Chinook,Mark,,98,10,,3/19/2017 7:20,JOHTRP,2015,2017,JOHTRP,3/19/2017 7:20,NPT,,,1,12W
28,3DD.007756CE3E,Wild Summer Steelhead,Mark,,101,9,,3/19/2017 7:20,JOHTRP,    ,2017,JOHTRP,3/19/2017 7:20,NPT,,,1,32W
29,384.1B7972CCE8,Wild Summer Steelhead,Mark,,62,2.1,,3/19/2017 7:21,JOHTRP,    ,2017,JOHTRP,3/19/2017 7:21,NPT,,,1,32W
30,384.1B797558F3,Wild Summer Steelhead,Mark,,56,1.7,,3/19/2017 7:22,JOHTRP,    ,2017,JOHTRP,3/19/2017 7:22,NPT,,,1,32W
31,384.1B7972D984,Wild Summer Steelhead,Mark,,64,2.5,,3/19/2017 7:22,JOHTRP,    ,2017,JOHTRP,3/19/2017 7:22,NPT,,,1,32W
1,..........,Wild Summer Chinook,Tally,,81,5.6,MORIBUND,3/20/2017 7:31,JOHTRP,2015,2017,JOHTRP,3/20/2017 7:31,NPT,,,1,12W
2,3DD.007756C78D,Wild Summer Chinook,Mark,,79,4.8,,3/20/2017 7:41,JOHTRP,2015,2017,JOHTRP,3/20/2017 7:41,NPT,,,1,12W
3,3DD.00774FC3A8,Wild Summer Chinook,Mark,,84,6.4,,3/20/2017 7:44,JOHTRP,2015,2017,JOHTRP,3/20/2017 7:44,NPT,,,1,12W
4,3DD.00774F4B02,Wild Summer Chinook,Mark,,77,4.2,,3/20/2017 7:44,JOHTRP,2015,2017,JOHTRP,3/20/2017 7:44,NPT,,,1,12W
5,3DD.00775714C8,Wild Summer Chinook,Mark,,85,6.1,,3/20/2017 7:44,JOHTRP,2015,2017,JOHTRP,3/20/2017 7:44,NPT,,,1,12W
6,3DD.007756C186,Wild Summer Chinook,Mark,,74,4.1,,3/20/2017 7:45,JOHTRP,2015,2017,JOHTRP,3/20/2017 7:45,NPT,,,1,12W
7,3DD.00774F271B,Wild Summer Chinook,Mark,,83,5.5,,3/20/2017 7:45,JOHTRP,2015,2017,JOHTRP,3/20/2017 7:45,NPT,,,1,12W
8,3DD.007757475B,Wild Summer Chinook,Mark,,77,4,,3/20/2017 7:46,JOHTRP,2015,2017,JOHTRP,3/20/2017 7:46,NPT,,,1,12W
9,3DD.0077573480,Wild Summer Chinook,Mark,,87,6.8,,3/20/2017 7:46,JOHTRP,2015,2017,JOHTRP,3/20/2017 7:46,NPT,,,1,12W
10,3DD.007756E2B7,Wild Summer Chinook,Mark,,82,5.7,,3/20/2017 7:46,JOHTRP,2015,2017,JOHTRP,3/20/2017 7:46,NPT,,,1,12W
11,3DD.00774F1E56,Wild Summer Chinook,Mark,,87,6.2,,3/20/2017 7:47,JOHTRP,2015,2017,JOHTRP,3/20/2017 7:47,NPT,,,1,12W
12,3DD.007756CE34,Wild Summer Chinook,Mark,,84,5.8,,3/20/2017 7:47,JOHTRP,2015,2017,JOHTRP,3/20/2017 7:47,NPT,,,1,12W
13,3DD.00774FB67F,Wild Summer Chinook,Mark,,73,4.2,,3/20/2017 7:47,JOHTRP,2015,2017,JOHTRP,3/20/2017 7:47,NPT,,,1,12W
14,3DD.00774FCBF9,Wild Summer Chinook,Mark,,77,4.5,,3/20/2017 7:48,JOHTRP,2015,2017,JOHTRP,3/20/2017 7:48,NPT,,,1,12W
15,3DD.00774EE5C8,Wild Summer Chinook,Mark,,86,5.9,,3/20/2017 7:48,JOHTRP,2015,2017,JOHTRP,3/20/2017 7:48,NPT,,,1,12W
16,3DD.00774ECA84,Wild Summer Chinook,Mark,,83,5.4,,3/20/2017 7:48,JOHTRP,2015,2017,JOHTRP,3/20/2017 7:48,NPT,,,1,12W
17,3DD.00774EF2DD,Wild Summer Chinook,Mark,,82,5.4,,3/20/2017 7:49,JOHTRP,2015,2017,JOHTRP,3/20/2017 7:49,NPT,,,1,12W
18,..........,Mountain Whitefish,Tally,,92,6.8,,3/20/2017 7:49,JOHTRP,    ,2017,JOHTRP,3/20/2017 7:49,NPT,,,1,G0W
19,3DD.00774FA930,Wild Summer Chinook,Mark,,78,5.2,,3/20/2017 7:49,JOHTRP,2015,2017,JOHTRP,3/20/2017 7:49,NPT,,,1,12W
20,3DD.0077573AB1,Wild Summer Chinook,Mark,,80,5.4,,3/20/2017 7:50,JOHTRP,2015,2017,JOHTRP,3/20/2017 7:50,NPT,,,1,12W
21,3DD.00774F6549,Wild Summer Chinook,Mark,LA,79,4.3,,3/20/2017 7:50,JOHTRP,2015,2017,JOHTRP,3/20/2017 7:50,NPT,,,1,12W
22,3DD.007757201E,Wild Summer Chinook,Mark,,83,5.5,,3/20/2017 7:51,JOHTRP,2015,2017,JOHTRP,3/20/2017 7:51,NPT,,,1,12W
23,3DD.00774E641C,Wild Summer Chinook,Mark,,77,4.6,,3/20/2017 7:51,JOHTRP,2015,2017,JOHTRP,3/20/2017 7:51,NPT,,,1,12W
24,3DD.00774F7F60,Wild Summer Chinook,Mark,,85,6.5,,3/20/2017 7:51,JOHTRP,2015,2017,JOHTRP,3/20/2017 7:51,NPT,,,1,12W
25,3DD.00775736CD,Wild Summer Chinook,Mark,,83,5.8,,3/20/2017 7:52,JOHTRP,2015,2017,JOHTRP,3/20/2017 7:52,NPT,,,1,12W
26,3DD.00774F11CB,Wild Summer Chinook,Mark,,80,4.9,,3/20/2017 7:52,JOHTRP,2015,2017,JOHTRP,3/20/2017 7:52,NPT,,,1,12W
27,3DD.007756DD23,Wild Summer Chinook,Mark,,86,6.3,,3/20/2017 7:52,JOHTRP,2015,2017,JOHTRP,3/20/2017 7:52,NPT,,,1,12W
28,3DD.00774FB843,Wild Summer Chinook,Mark,,80,4.8,,3/20/2017 7:53,JOHTRP,2015,2017,JOHTRP,3/20/2017 7:53,NPT,,,1,12W
29,3DD.0077574EBD,Wild Summer Chinook,Mark,,80,4.7,,3/20/2017 7:53,JOHTRP,2015,2017,JOHTRP,3/20/2017 7:53,NPT,,,1,12W
30,3DD.0077571402,Wild Summer Chinook,Mark,,82,5.4,,3/20/2017 7:53,JOHTRP,2015,2017,JOHTRP,3/20/2017 7:53,NPT,,,1,12W
31,3DD.007756EE0F,Wild Summer Chinook,Mark,,86,6.7,,3/20/2017 7:53,JOHTRP,2015,2017,JOHTRP,3/20/2017 7:53,NPT,,,1,12W
32,3DD.00774F4224,Wild Summer Chinook,Mark,,87,6.9,,3/20/2017 7:54,JOHTRP,2015,2017,JOHTRP,3/20/2017 7:54,NPT,,,1,12W
33,3DD.007756C7CA,Wild Summer Chinook,Mark,,82,5.3,,3/20/2017 7:54,JOHTRP,2015,2017,JOHTRP,3/20/2017 7:54,NPT,,,1,12W
34,3DD.0077571FCC,Wild Summer Chinook,Mark,,88,6.5,,3/20/2017 7:54,JOHTRP,2015,2017,JOHTRP,3/20/2017 7:54,NPT,,,1,12W
35,3DD.007756C371,Wild Summer Chinook,Mark,,73,3.9,,3/20/2017 7:55,JOHTRP,2015,2017,JOHTRP,3/20/2017 7:55,NPT,,,1,12W
36,3DD.0077574ED6,Wild Summer Chinook,Mark,,80,5.4,,3/20/2017 7:55,JOHTRP,2015,2017,JOHTRP,3/20/2017 7:55,NPT,,,1,12W
37,3DD.00774E0988,Wild Summer Chinook,Mark,,83,5.4,,3/20/2017 7:55,JOHTRP,2015,2017,JOHTRP,3/20/2017 7:55,NPT,,,1,12W
38,3DD.00774F4A1A,Wild Summer Chinook,Mark,,83,5.4,,3/20/2017 7:56,JOHTRP,2015,2017,JOHTRP,3/20/2017 7:56,NPT,,,1,12W
39,3DD.007756DFDC,Wild Summer Chinook,Mark,,75,4.3,,3/20/2017 7:56,JOHTRP,2015,2017,JOHTRP,3/20/2017 7:56,NPT,,,1,12W
40,3DD.00774F9ACC,Wild Summer Chinook,Mark,,79,4.6,,3/20/2017 7:56,JOHTRP,2015,2017,JOHTRP,3/20/2017 7:56,NPT,,,1,12W
41,3DD.007756C870,Wild Summer Steelhead,Mark,,134,23,,3/20/2017 7:57,JOHTRP,    ,2017,JOHTRP,3/20/2017 7:57,NPT,,,1,32W
42,..........,Wild Summer Steelhead,Tally,CA,48,1.1,,3/20/2017 7:58,JOHTRP,    ,2017,JOHTRP,3/20/2017 7:58,NPT,,,1,32W
43,3DD.00775723E8,Wild Summer Chinook,Mark,,69,3.5,,3/20/2017 7:59,JOHTRP,2015,2017,JOHTRP,3/20/2017 7:59,NPT,,,1,12W
44,3DD.007756F345,Wild Summer Chinook,Mark,,93,7.6,,3/20/2017 8:04,JOHTRP,2015,2017,JOHTRP,3/20/2017 8:04,NPT,,,1,12W
45,3DD.007756C69A,Wild Summer Chinook,Mark,,77,4.3,,3/20/2017 8:04,JOHTRP,2015,2017,JOHTRP,3/20/2017 8:04,NPT,,,1,12W
46,3DD.0077571CE7,Wild Summer Chinook,Mark,,85,6.2,,3/20/2017 8:04,JOHTRP,2015,2017,JOHTRP,3/20/2017 8:04,NPT,,,1,12W
47,3DD.0077570EE1,Wild Summer Chinook,Mark,,87,6.6,,3/20/2017 8:05,JOHTRP,2015,2017,JOHTRP,3/20/2017 8:05,NPT,,,1,12W
48,3DD.00774EB50A,Wild Summer Chinook,Mark,,79,5.1,,3/20/2017 8:05,JOHTRP,2015,2017,JOHTRP,3/20/2017 8:05,NPT,,,1,12W
49,3DD.00775709C7,Wild Summer Chinook,Mark,,79,5.1,,3/20/2017 8:06,JOHTRP,2015,2017,JOHTRP,3/20/2017 8:06,NPT,,,1,12W
50,3DD.00774F4876,Wild Summer Chinook,Mark,,82,5.7,,3/20/2017 8:06,JOHTRP,2015,2017,JOHTRP,3/20/2017 8:06,NPT,,,1,12W
51,3DD.0077571268,Wild Summer Chinook,Mark,,80,4.9,,3/20/2017 8:06,JOHTRP,2015,2017,JOHTRP,3/20/2017 8:06,NPT,,,1,12W
52,3DD.00774F89AA,Wild Summer Chinook,Mark,,83,6.1,,3/20/2017 8:06,JOHTRP,2015,2017,JOHTRP,3/20/2017 8:06,NPT,,,1,12W
53,3DD.007756F022,Wild Summer Chinook,Mark,,89,7,,3/20/2017 8:07,JOHTRP,2015,2017,JOHTRP,3/20/2017 8:07,NPT,,,1,12W
54,3DD.0077574EB3,Wild Summer Chinook,Mark,,92,7.3,,3/20/2017 8:07,JOHTRP,2015,2017,JOHTRP,3/20/2017 8:07,NPT,,,1,12W
55,3DD.00774F718D,Wild Summer Chinook,Mark,,80,4.8,,3/20/2017 8:07,JOHTRP,2015,2017,JOHTRP,3/20/2017 8:07,NPT,,,1,12W
56,3DD.00774FA6D7,Wild Summer Chinook,Mark,,75,4.4,,3/20/2017 8:08,JOHTRP,2015,2017,JOHTRP,3/20/2017 8:08,NPT,,,1,12W
57,3DD.007756E2BE,Wild Summer Chinook,Mark,,79,4.7,,3/20/2017 8:08,JOHTRP,2015,2017,JOHTRP,3/20/2017 8:08,NPT,,,1,12W
58,3DD.0077574816,Wild Summer Chinook,Mark,,83,5.3,,3/20/2017 8:08,JOHTRP,2015,2017,JOHTRP,3/20/2017 8:08,NPT,,,1,12W
59,3DD.0077573274,Wild Summer Chinook,Mark,,80,5.4,,3/20/2017 8:09,JOHTRP,2015,2017,JOHTRP,3/20/2017 8:09,NPT,,,1,12W
60,3DD.007757133F,Wild Summer Chinook,Mark,,79,4.8,,3/20/2017 8:09,JOHTRP,2015,2017,JOHTRP,3/20/2017 8:09,NPT,,,1,12W
61,3DD.00774F74EF,Wild Summer Chinook,Mark,,85,6.4,,3/20/2017 8:09,JOHTRP,2015,2017,JOHTRP,3/20/2017 8:09,NPT,,,1,12W
62,3DD.00774FC108,Wild Summer Chinook,Mark,,84,6.1,,3/20/2017 8:10,JOHTRP,2015,2017,JOHTRP,3/20/2017 8:10,NPT,,,1,12W
63,3DD.007756ED79,Wild Summer Chinook,Mark,,87,6.4,,3/20/2017 8:10,JOHTRP,2015,2017,JOHTRP,3/20/2017 8:10,NPT,,,1,12W
64,3DD.00774F8D12,Wild Summer Chinook,Mark,,80,4.8,,3/20/2017 8:10,JOHTRP,2015,2017,JOHTRP,3/20/2017 8:10,NPT,,,1,12W
65,3DD.007756DF9F,Wild Summer Chinook,Mark,,85,6.1,,3/20/2017 8:10,JOHTRP,2015,2017,JOHTRP,3/20/2017 8:10,NPT,,,1,12W
66,3DD.00774EC7E1,Wild Summer Chinook,Mark,,80,4.7,,3/20/2017 8:11,JOHTRP,2015,2017,JOHTRP,3/20/2017 8:11,NPT,,,1,12W
67,3DD.00774EDA7B,Wild Summer Chinook,Mark,,72,3.6,,3/20/2017 8:11,JOHTRP,2015,2017,JOHTRP,3/20/2017 8:11,NPT,,,1,12W
68,3DD.007756FBE8,Wild Summer Chinook,Mark,,82,5.1,,3/20/2017 8:11,JOHTRP,2015,2017,JOHTRP,3/20/2017 8:11,NPT,,,1,12W
69,3DD.007756D303,Wild Summer Chinook,Mark,,88,6.8,,3/20/2017 8:12,JOHTRP,2015,2017,JOHTRP,3/20/2017 8:12,NPT,,,1,12W
70,3DD.0077571839,Wild Summer Chinook,Mark,,87,6.5,,3/20/2017 8:12,JOHTRP,2015,2017,JOHTRP,3/20/2017 8:12,NPT,,,1,12W
71,3DD.007756BF52,Wild Summer Chinook,Mark,,78,4.8,,3/20/2017 8:12,JOHTRP,2015,2017,JOHTRP,3/20/2017 8:12,NPT,,,1,12W
72,3DD.00774E4A80,Wild Summer Chinook,Mark,,72,3.9,,3/20/2017 8:13,JOHTRP,2015,2017,JOHTRP,3/20/2017 8:13,NPT,,,1,12W
73,3DD.0077572D72,Wild Summer Chinook,Mark,,98,9.9,,3/20/2017 8:13,JOHTRP,2015,2017,JOHTRP,3/20/2017 8:13,NPT,,,1,12W
74,3DD.00774F27B2,Wild Summer Steelhead,Mark,,106,11.3,,3/20/2017 8:14,JOHTRP,    ,2017,JOHTRP,3/20/2017 8:14,NPT,,,1,32W
75,3DD.007756E7A1,Wild Summer Steelhead,Mark,,147,25.2,,3/20/2017 8:14,JOHTRP,    ,2017,JOHTRP,3/20/2017 8:14,NPT,,,1,32W
76,3DD.00774F5866,Wild Summer Steelhead,Mark,,92,8.1,,3/20/2017 8:15,JOHTRP,    ,2017,JOHTRP,3/20/2017 8:15,NPT,,,1,32W
77,3DD.0077573C9F,Wild Summer Steelhead,Mark,,83,6,NEW CLIPFILE # CAZ7188,3/20/2017 8:15,JOHTRP,    ,2017,JOHTRP,3/20/2017 8:15,NPT,,,1,32W
78,384.1B7972D151,Wild Summer Steelhead,Mark,,56,1.6,,3/20/2017 8:16,JOHTRP,    ,2017,JOHTRP,3/20/2017 8:16,NPT,,,1,32W
1,3DD.00774E9E3A,Wild Summer Chinook,Mark,,79,5,,3/21/2017 7:17,JOHTRP,2015,2017,JOHTRP,3/21/2017 7:17,NPT,,,1,12W
2,3DD.00774F4A1A,Wild Summer Chinook,Recapture,RE,83,5.4,RC (CDR17079JCT),3/21/2017 7:21,JOHTRP,2015,2017,JOHTRP,3/21/2017 7:21,NPT,,,1,12W
3,3DD.0077574816,Wild Summer Chinook,Recapture,RE,82,5.3,RC (CDR17079JCT),3/21/2017 7:21,JOHTRP,2015,2017,JOHTRP,3/21/2017 7:21,NPT,,,1,12W
4,3DD.007756DB4C,Wild Summer Chinook,Mark,,77,4.3,,3/21/2017 7:21,JOHTRP,2015,2017,JOHTRP,3/21/2017 7:21,NPT,,,1,12W
5,3DD.00774F233C,Wild Summer Chinook,Mark,,81,5.2,,3/21/2017 7:22,JOHTRP,2015,2017,JOHTRP,3/21/2017 7:22,NPT,,,1,12W
6,3DD.00774F9A70,Wild Summer Chinook,Mark,,84,5.7,,3/21/2017 7:22,JOHTRP,2015,2017,JOHTRP,3/21/2017 7:22,NPT,,,1,12W
7,3DD.007756E595,Wild Summer Chinook,Mark,,78,4.6,,3/21/2017 7:22,JOHTRP,2015,2017,JOHTRP,3/21/2017 7:22,NPT,,,1,12W
8,3DD.00775732BD,Wild Summer Chinook,Mark,,85,5.9,,3/21/2017 7:23,JOHTRP,2015,2017,JOHTRP,3/21/2017 7:23,NPT,,,1,12W
9,3DD.007756F87D,Wild Summer Chinook,Mark,,87,6,,3/21/2017 7:23,JOHTRP,2015,2017,JOHTRP,3/21/2017 7:23,NPT,,,1,12W
10,3DD.007756F345,Wild Summer Chinook,Recapture,RE,92,7.8,RC (CDR17079JCT),3/21/2017 7:23,JOHTRP,2015,2017,JOHTRP,3/21/2017 7:23,NPT,,,1,12W
11,3DD.00774F6512,Wild Summer Chinook,Mark,,81,5.1,,3/21/2017 7:24,JOHTRP,2015,2017,JOHTRP,3/21/2017 7:24,NPT,,,1,12W
12,3DD.007756CE0C,Wild Summer Chinook,Mark,,80,4.8,,3/21/2017 7:24,JOHTRP,2015,2017,JOHTRP,3/21/2017 7:24,NPT,,,1,12W
13,3DD.007756C914,Wild Summer Chinook,Mark,,76,4.1,,3/21/2017 7:24,JOHTRP,2015,2017,JOHTRP,3/21/2017 7:24,NPT,,,1,12W
14,3DD.00774EB45E,Wild Summer Chinook,Mark,,80,5,,3/21/2017 7:25,JOHTRP,2015,2017,JOHTRP,3/21/2017 7:25,NPT,,,1,12W
15,3DD.007756BC5D,Wild Summer Chinook,Mark,,83,5.4,,3/21/2017 7:25,JOHTRP,2015,2017,JOHTRP,3/21/2017 7:25,NPT,,,1,12W
16,3DD.007756C9DF,Wild Summer Chinook,Mark,,94,8.2,,3/21/2017 7:25,JOHTRP,2015,2017,JOHTRP,3/21/2017 7:25,NPT,,,1,12W
17,3DD.007756ED8E,Wild Summer Chinook,Mark,,83,5.6,,3/21/2017 7:26,JOHTRP,2015,2017,JOHTRP,3/21/2017 7:26,NPT,,,1,12W
18,3DD.00775721C5,Wild Summer Chinook,Mark,,77,4.4,,3/21/2017 7:26,JOHTRP,2015,2017,JOHTRP,3/21/2017 7:26,NPT,,,1,12W
19,3DD.00774F8D1D,Wild Summer Chinook,Mark,LA,76,4.1,,3/21/2017 7:27,JOHTRP,2015,2017,JOHTRP,3/21/2017 7:27,NPT,,,1,12W
20,..........,Mountain Whitefish,Tally,,98,7.2,,3/21/2017 7:27,JOHTRP,    ,2017,JOHTRP,3/21/2017 7:27,NPT,,,1,G0W
21,3DD.00774F2F88,Wild Summer Chinook,Mark,,84,6.4,,3/21/2017 7:27,JOHTRP,2015,2017,JOHTRP,3/21/2017 7:27,NPT,,,1,12W
22,3DD.007756DF9D,Wild Summer Chinook,Mark,,73,3.8,,3/21/2017 7:28,JOHTRP,2015,2017,JOHTRP,3/21/2017 7:28,NPT,,,1,12W
23,3DD.0077572F29,Wild Summer Chinook,Mark,,80,5.2,,3/21/2017 7:28,JOHTRP,2015,2017,JOHTRP,3/21/2017 7:28,NPT,,,1,12W
24,3DD.0077570EE1,Wild Summer Chinook,Recapture,RE,88,6.9,RC (CDR17079JCT),3/21/2017 7:28,JOHTRP,2015,2017,JOHTRP,3/21/2017 7:28,NPT,,,1,12W
25,3DD.007756D475,Wild Summer Chinook,Recapture,RE,78,5.3,RC (CDR17078JCT),3/21/2017 7:29,JOHTRP,2015,2017,JOHTRP,3/21/2017 7:29,NPT,,,1,12W
26,3DD.007756FB94,Wild Summer Chinook,Mark,,87,6.6,,3/21/2017 7:29,JOHTRP,2015,2017,JOHTRP,3/21/2017 7:29,NPT,,,1,12W
27,3DD.007756FA64,Wild Summer Chinook,Mark,,87,6.5,,3/21/2017 7:29,JOHTRP,2015,2017,JOHTRP,3/21/2017 7:29,NPT,,,1,12W
28,3DD.0077573C9F,Wild Summer Steelhead,Recapture,RE,83,6.1,RC (CDR17079JCT),3/21/2017 7:30,JOHTRP,    ,2017,JOHTRP,3/21/2017 7:30,NPT,,,1,32W
29,3DD.00774E880F,Wild Summer Steelhead,Mark,,159,38.1,,3/21/2017 7:31,JOHTRP,    ,2017,JOHTRP,3/21/2017 7:31,NPT,,,1,32W
30,384.1B7972C310,Wild Summer Steelhead,Mark,,67,2.8,,3/21/2017 7:31,JOHTRP,    ,2017,JOHTRP,3/21/2017 7:31,NPT,,,1,32W
1,3DD.007756D381,Wild Summer Chinook,Mark,,76,4.6,,3/22/2017 6:18,JOHTRP,2015,2017,JOHTRP,3/22/2017 6:18,NPT,,,1,12W
2,3DD.007756DB4C,Wild Summer Chinook,Recapture,RE,76,4.4,RC (CDR17080JCT),3/22/2017 6:20,JOHTRP,2015,2017,JOHTRP,3/22/2017 6:20,NPT,,,1,12W
3,3DD.00775700DF,Wild Summer Chinook,Mark,,88,6.6,,3/22/2017 6:20,JOHTRP,2015,2017,JOHTRP,3/22/2017 6:20,NPT,,,1,12W
4,..........,Wild Summer Steelhead,Mark,CU,51,1.1,,3/22/2017 6:21,JOHTRP,    ,2017,JOHTRP,3/22/2017 6:21,NPT,,,1,32W
1,3DD.0077572E2B,Wild Summer Chinook,Mark,,82,5.2,,3/23/2017 9:03,JOHTRP,2015,2017,JOHTRP,3/23/2017 9:03,NPT,,,1,12W
2,3DD.007756F347,Wild Summer Chinook,Mark,,82,5.4,,3/23/2017 9:07,JOHTRP,2015,2017,JOHTRP,3/23/2017 9:07,NPT,,,1,12W
3,3DD.00774ECA55,Wild Summer Chinook,Mark,,83,5.5,,3/23/2017 9:07,JOHTRP,2015,2017,JOHTRP,3/23/2017 9:07,NPT,,,1,12W
4,3DD.00774FB63D,Wild Summer Chinook,Mark,,82,5.1,,3/23/2017 9:08,JOHTRP,2015,2017,JOHTRP,3/23/2017 9:08,NPT,,,1,12W
5,3DD.007756DF25,Wild Summer Chinook,Mark,,88,7,,3/23/2017 9:08,JOHTRP,2015,2017,JOHTRP,3/23/2017 9:08,NPT,,,1,12W
6,3DD.00774E2799,Wild Summer Steelhead,Mark,,204,74.6,,3/23/2017 9:08,JOHTRP,    ,2017,JOHTRP,3/23/2017 9:08,NPT,,,1,32W
7,3DD.00774EE756,Wild Summer Steelhead,Mark,,90,7.4,,3/23/2017 9:09,JOHTRP,    ,2017,JOHTRP,3/23/2017 9:09,NPT,,,1,32W
8,3DD.00774F9A58,Wild Summer Steelhead,Mark,,71,3.3,,3/23/2017 9:09,JOHTRP,    ,2017,JOHTRP,3/23/2017 9:09,NPT,,,1,32W
9,3DD.00774F03D5,Wild Summer Steelhead,Mark,,71,3.4,,3/23/2017 9:09,JOHTRP,    ,2017,JOHTRP,3/23/2017 9:09,NPT,,,1,32W
1,3DD.007757126A,Wild Summer Chinook,Mark,,92,7.6,,3/24/2017 8:52,JOHTRP,2015,2017,JOHTRP,3/24/2017 8:52,NPT,,,1,12W
2,3DD.007756EB39,Wild Summer Chinook,Mark,,91,7,,3/24/2017 8:53,JOHTRP,2015,2017,JOHTRP,3/24/2017 8:53,NPT,,,1,12W
3,3DD.00774EA5A8,Wild Summer Chinook,Mark,,81,5,,3/24/2017 8:54,JOHTRP,2015,2017,JOHTRP,3/24/2017 8:54,NPT,,,1,12W
4,3DD.00774EF65A,Wild Summer Chinook,Mark,,87,6,,3/24/2017 8:54,JOHTRP,2015,2017,JOHTRP,3/24/2017 8:54,NPT,,,1,12W
5,3DD.007756C69D,Wild Summer Chinook,Mark,,80,4.8,,3/24/2017 8:55,JOHTRP,2015,2017,JOHTRP,3/24/2017 8:55,NPT,,,1,12W
6,3DD.007756EA61,Wild Summer Steelhead,Mark,,109,11.2,,3/24/2017 8:56,JOHTRP,    ,2017,JOHTRP,3/24/2017 8:56,NPT,,,1,32W
7,3DD.00774FCEE9,Wild Summer Steelhead,Mark,,108,8.5,,3/24/2017 8:56,JOHTRP,    ,2017,JOHTRP,3/24/2017 8:56,NPT,,,1,32W
8,3DD.007757500D,Wild Summer Steelhead,Mark,,104,10.3,,3/24/2017 8:56,JOHTRP,    ,2017,JOHTRP,3/24/2017 8:56,NPT,,,1,32W
9,3DD.00774E9EE9,Wild Summer Steelhead,Mark,,72,3.6,,3/24/2017 8:57,JOHTRP,    ,2017,JOHTRP,3/24/2017 8:57,NPT,,,1,32W
10,384.1B7972CEC9,Wild Summer Steelhead,Mark,,62,2.1,,3/24/2017 8:57,JOHTRP,    ,2017,JOHTRP,3/24/2017 8:57,NPT,,,1,32W
1,..........,Other,Tally,,31,0.4,NO MARK RELEASED DS,3/25/2017 10:06,JOHTRP,    ,2017,JOHTRP,3/25/2017 10:06,NPT,,,1,90U
2,3DD.00774F5AD0,Wild Summer Chinook,Mark,,78,4.4,,3/25/2017 10:08,JOHTRP,2015,2017,JOHTRP,3/25/2017 10:08,NPT,,,1,12W
3,3DD.0077571600,Wild Summer Chinook,Mark,,83,5.3,,3/25/2017 10:09,JOHTRP,2015,2017,JOHTRP,3/25/2017 10:09,NPT,,,1,12W
4,3DD.00774F7CC5,Wild Summer Chinook,Mark,,86,6.2,,3/25/2017 10:09,JOHTRP,2015,2017,JOHTRP,3/25/2017 10:09,NPT,,,1,12W
5,3DD.007756D3F7,Wild Summer Chinook,Mark,,88,6.4,,3/25/2017 10:10,JOHTRP,2015,2017,JOHTRP,3/25/2017 10:10,NPT,,,1,12W
6,3DD.00775723C6,Wild Summer Chinook,Mark,,79,4.8,,3/25/2017 10:10,JOHTRP,2015,2017,JOHTRP,3/25/2017 10:10,NPT,,,1,12W
7,3DD.00774F6396,Wild Summer Chinook,Mark,,78,5.2,,3/25/2017 10:10,JOHTRP,2015,2017,JOHTRP,3/25/2017 10:10,NPT,,,1,12W
8,3DD.00774EBA95,Wild Summer Steelhead,Mark,,71,3.6,,3/25/2017 10:11,JOHTRP,    ,2017,JOHTRP,3/25/2017 10:11,NPT,,,1,32W
9,384.1B7972D380,Wild Summer Steelhead,Mark,,61,2.8,,3/25/2017 10:11,JOHTRP,    ,2017,JOHTRP,3/25/2017 10:11,NPT,,,1,32W
1,384.1B7972CB17,Wild Summer Steelhead,Mark,,66,2.7,,3/26/2017 7:17,JOHTRP,    ,2017,JOHTRP,3/26/2017 7:17,NPT,,,1,32W
1,3DD.00774EE822,Wild Summer Chinook,Mark,,85,5.6,,3/27/2017 9:20,JOHTRP,2015,2017,JOHTRP,3/27/2017 9:20,NPT,,,1,12W
2,3DD.0077574D8D,Wild Summer Chinook,Mark,,81,5.7,,3/27/2017 9:22,JOHTRP,2015,2017,JOHTRP,3/27/2017 9:22,NPT,,,1,12W
3,3DD.007756C904,Wild Summer Chinook,Mark,,78,4.6,,3/27/2017 9:23,JOHTRP,2015,2017,JOHTRP,3/27/2017 9:23,NPT,,,1,12W
4,3DD.00774EB012,Wild Summer Chinook,Mark,,73,3.4,,3/27/2017 9:23,JOHTRP,2015,2017,JOHTRP,3/27/2017 9:23,NPT,,,1,12W
5,3DD.00774EE73A,Wild Summer Chinook,Mark,,80,4.9,,3/27/2017 9:24,JOHTRP,2015,2017,JOHTRP,3/27/2017 9:24,NPT,,,1,12W
6,3DD.007756FBA5,Wild Summer Chinook,Mark,,81,5.6,,3/27/2017 9:24,JOHTRP,2015,2017,JOHTRP,3/27/2017 9:24,NPT,,,1,12W
7,3DD.00774F4B5E,Wild Summer Chinook,Mark,,83,5.6,,3/27/2017 9:25,JOHTRP,2015,2017,JOHTRP,3/27/2017 9:25,NPT,,,1,12W
8,3DD.00774F590C,Wild Summer Chinook,Mark,,83,5.3,,3/27/2017 9:25,JOHTRP,2015,2017,JOHTRP,3/27/2017 9:25,NPT,,,1,12W
9,3DD.0077572F4D,Wild Summer Steelhead,Mark,,78,4.6,,3/27/2017 9:26,JOHTRP,    ,2017,JOHTRP,3/27/2017 9:26,NPT,,,1,32W
10,3DD.00775745F4,Wild Summer Steelhead,Mark,,72,3.5,,3/27/2017 9:26,JOHTRP,    ,2017,JOHTRP,3/27/2017 9:26,NPT,,,1,32W
11,3DD.0077570DA5,Wild Summer Steelhead,Mark,,112,13.8,,3/27/2017 9:27,JOHTRP,    ,2017,JOHTRP,3/27/2017 9:27,NPT,,,1,32W
12,3DD.007756FA96,Wild Summer Steelhead,Mark,,174,44.7,,3/27/2017 9:27,JOHTRP,    ,2017,JOHTRP,3/27/2017 9:27,NPT,,,1,32W
13,384.1B7972CDE7,Wild Summer Steelhead,Mark,,61,2.3,,3/27/2017 9:28,JOHTRP,    ,2017,JOHTRP,3/27/2017 9:28,NPT,,,1,32W
14,384.1B7972CFC7,Wild Summer Steelhead,Mark,,61,2.3,,3/27/2017 9:29,JOHTRP,    ,2017,JOHTRP,3/27/2017 9:29,NPT,,,1,32W
15,384.1B7972D7B9,Wild Summer Steelhead,Mark,,58,1.9,,3/27/2017 9:29,JOHTRP,    ,2017,JOHTRP,3/27/2017 9:29,NPT,,,1,32W
1,..........,Mountain Whitefish,Tally,,114,11.6,NO MARK RELEASED DS,3/28/2017 9:21,JOHTRP,    ,2017,JOHTRP,3/28/2017 9:21,NPT,,,1,G0W
2,3DD.00774ECCE7,Wild Summer Chinook,Mark,,82,5.4,,3/28/2017 9:23,JOHTRP,2015,2017,JOHTRP,3/28/2017 9:23,NPT,,,1,12W
3,3DD.007756E623,Wild Summer Chinook,Mark,,77,4.6,,3/28/2017 9:24,JOHTRP,2015,2017,JOHTRP,3/28/2017 9:24,NPT,,,1,12W
4,3DD.007756F51B,Wild Summer Chinook,Mark,,82,5.5,,3/28/2017 9:25,JOHTRP,2015,2017,JOHTRP,3/28/2017 9:25,NPT,,,1,12W
5,3DD.00774F56F9,Wild Summer Chinook,Mark,,75,3.9,,3/28/2017 9:25,JOHTRP,2015,2017,JOHTRP,3/28/2017 9:25,NPT,,,1,12W
6,3DD.00775716F0,Wild Summer Chinook,Mark,,79,5.2,,3/28/2017 9:26,JOHTRP,2015,2017,JOHTRP,3/28/2017 9:26,NPT,,,1,12W
7,3DD.0077572872,Wild Summer Chinook,Mark,,90,6.5,,3/28/2017 9:26,JOHTRP,2015,2017,JOHTRP,3/28/2017 9:26,NPT,,,1,12W
8,3DD.00774EB012,Wild Summer Chinook,Recapture,RE,71,3.5,RC (CDR17086JCT),3/28/2017 9:26,JOHTRP,    ,2017,JOHTRP,3/28/2017 9:26,NPT,,,1,12W
9,3DD.00775722E3,Wild Summer Chinook,Mark,,70,3.7,,3/28/2017 9:27,JOHTRP,2015,2017,JOHTRP,3/28/2017 9:27,NPT,,,1,12W
10,3DD.007756EC41,Wild Summer Steelhead,Mark,,167,42.3,,3/28/2017 9:28,JOHTRP,    ,2017,JOHTRP,3/28/2017 9:28,NPT,,,1,32W
11,3DD.007756EBE2,Wild Summer Steelhead,Mark,,95,8.9,,3/28/2017 9:29,JOHTRP,    ,2017,JOHTRP,3/28/2017 9:29,NPT,,,1,32W
12,384.1B7972C242,Wild Summer Steelhead,Mark,,71,3.7,,3/28/2017 9:29,JOHTRP,    ,2017,JOHTRP,3/28/2017 9:29,NPT,,,1,32W
13,384.1B7972CD1F,Wild Summer Steelhead,Mark,,58,1.9,,3/28/2017 9:30,JOHTRP,    ,2017,JOHTRP,3/28/2017 9:30,NPT,,,1,32W
